SYMBOL,SERIES,ISIN,Sec Desc,STT Indicator                                                                                                             
KOTAKBKETF,BL,INF174K01F59,KOTAKMAMC-KOTAKBKETF,EF                                                                                                    
VF1DD,MF,INF903J011A5,SUNDARMAMC - VF1DD,EF                                                                                                           
CPSEETF,EQ,INF457M01133,CPSE ETF,EF                                                                                                                   
SMF541,MF,INF903J01M28,SUNDARMAMC - SMF541,EF                                                                                                         
T5RD,MF,INF903J019C4,SUNDARMAMC - T5RD,EF                                                                                                             
EC3DD,MF,INF903JA1DE9,SUNDARMAMC - EC3DD,EF                                                                                                           
MANXT50,BL,INF769K01FN2,MIRAEAMC - MANXT50,EF                                                                                                         
MAN50ETF,EQ,INF769K01EG9,MIRAEAMC - MAN50ETF,EF                                                                                                       
AJOONI-RE,BL,INE820Y20013,AJOONI BIOTECH LIMITED,RE                                                                                                   
MITTAL-RE,BE,INE997Y20019,MITTAL LIFE STYLE LIMITED,RE                                                                                                
HDFCNIF100,EQ,INF179KC1DB7,HDFCAMC - HDFCNIF100,EF                                                                                                    
IDFNIFTYET,EQ,INF194KA1U07,IDFCAMC - IDFNIFTYET,EF                                                                                                    
MOLOWVOL,BL,INF247L01BL0,MOTILALAMC - MOLOWVOL,EF                                                                                                     
MC1RG,MF,INF903JA1DR1,SUNDARMAMC - MC1RG,EF                                                                                                           
MC2RG,MF,INF903JA1ED9,SUNDARMAMC - MC2RG,EF                                                                                                           
M15RD,MF,INF903JA1AM8,SUNDARMAMC - M15RD,EF                                                                                                           
PNB-RE,BE,INE572E20012,PNB HOUSING FIN LTD.,RE                                                                                                        
IBULHSGFIN,W1,INE148I13017,INDIABULLS HSG FIN LTD,RE                                                                                                  
ASIAN-RE1,BL,INE022I20027,ASIAN GRANITO INDIA LIMIT,RE                                                                                                
ABSLBANETF,BL,INF209KB17D5,BIRLASLAMC - ABSLBANETF,EF                                                                                                 
HATSUN-RE,BE,INE473B20019,HATSUN AGRO PROD LTD-RE,RE                                                                                                  
ICICITECH,EQ,INF109KC16I6,ICICIPRAMC - ICICITECH,EF                                                                                                   
ICICI500,BL,INF109KC1V59,ICICIPRAMC - ICICI500,EF                                                                                                     
GDL-RE,BL,INE852F20015,GATEWAY DISTRIPARKS RE,RE                                                                                                      
MAFSETF,BL,INF769K01HI8,MIRAEAMC - MAFSETF,EF                                                                                                         
542809,MF,INF204KB11F4,Nippon India Mutual Fund,EF                                                                                                    
542814,MF,INF204KB11G2,Nippon India Mutual Fund,EF                                                                                                    
542842,MF,INF204KB13F0,Nippon India Mutual Fund,EF                                                                                                    
542808,MF,INF204KB14E1,Nippon India Mutual Fund,EF                                                                                                    
542848,MF,INF204KB14F8,Nippon India Mutual Fund,EF                                                                                                    
542836,MF,INF204KB15E8,Nippon India Mutual Fund,EF                                                                                                    
542845,MF,INF204KB17G9,Nippon India Mutual Fund,EF                                                                                                    
542810,MF,INF204KB18E2,Nippon India Mutual Fund,EF                                                                                                    
542820,MF,INF204KB19G5,Nippon India Mutual Fund,EF                                                                                                    
LIBAS-RE,BE,INE908V20012,LIBAS CON PRODUCT LTD,RE                                                                                                     
DIL-RE,BE,INE411Y20011,DEBOCK INDUSTRIES LIMITED,RE                                                                                                   
HDFCLOWVOL,EQ,INF179KC1DN2,HDFCAMC - HDFCLOWVOL,EF                                                                                                    
KOTAKIT,BL,INF174KA1GC5,KOTAKMAMC - KOTAKIT,EF                                                                                                        
MID150BEES,EQ,INF204KB1V68,NIP IND ETF MIDCAP 150,EF                                                                                                  
NIF100BEES,EQ,INF204K014N5,NIP IND ETF NIFTY 100,EF                                                                                                   
NIFTYQLITY,BL,INF209KB15K4,BIRLASLAMC - NIFTYQLITY,EF                                                                                                 
539031,BL,INF200KA1572,SBI Mutual Fund,EF                                                                                                             
540154,BL,INF194KA1T91,IDFC Mutual Fund,EF                                                                                                            
COAST-RE,BL,INE377E20016,COASTAL CORP LIMITED-RE,RE                                                                                                   
HDFCQUAL,EQ,INF179KC1DL6,HDFCAMC - HDFCQUAL,EF                                                                                                        
HDFCPVTBAN,BL,INF179KC1DW3,HDFCAMC - HDFCPVTBAN,EF                                                                                                    
MAESGETF,EQ,INF769K01GS9,MIRAEAMC - MAESGETF,EF                                                                                                       
GAL-RE,BE,INE482J20013,GYSCOAL ALLOYS LTD,RE                                                                                                          
KOTAKLOVOL,EQ,INF174KA1IY5,KOTAKMAMC - KOTAKLOVOL,EF                                                                                                  
PATEL-RE,BL,INE244B20014,PATEL ENGINEERING LIMITED,RE                                                                                                 
CGCL-RE,BL,INE180C20018,CAPRI GLOBAL CAP LTD,RE                                                                                                       
SEPC-RE,BL,INE964H20014,SEPC LIMITED,RE                                                                                                               
M17RG,MF,INF903JA1BF0,SUNDARMAMC - M17RG,EF                                                                                                           
EC4RG,MF,INF903JA1DN0,SUNDARMAMC - EC4RG,EF                                                                                                           
538593,MF,INF204KA1RW4,RELIANCE MUTUAL FUND- RELIANCE,EF                                                                                              
540983,MF,INF174KA1GG6,Kotak Mahindra Mutual Fund,EF                                                                                                  
COMP-RE,BE,INE070C20011,COMPUAGE INFOCOM LTD,RE                                                                                                       
SBIETFCON,EQ,INF200KA1X17,SBIAMC - SBIETFCON,EF                                                                                                       
GISO-RE,BL,INE065J20016,GI ENGINEERING SOLUTIONS,RE                                                                                                   
ELECTCAST,W1,INE086A13016,ELECTCAST WARRANTS,RE                                                                                                       
SRTRANS-RE,BL,INE721A20013,SHRIRAM TRANSPORT RE,RE                                                                                                    
AURUM-RE,BE,INE898S20011,AURUM PROPTECH LIMITED,RE                                                                                                    
SPENCER-RE,BL,INE020820010,SPENCERS RETAIL RE,RE                                                                                                      
SM545,MF,INF903J01M69,SUNDARMAMC - SM545,EF                                                                                                           
SM548,MF,INF903J01M93,SUNDARMAMC - SM548,EF                                                                                                           
SMCSRIIDG,MF,INF903J01ZA4,SUNDARMAMC - SMCSRIIDG,EF                                                                                                   
VF1DG,MF,INF903J010A7,SUNDARMAMC - VF1DG,EF                                                                                                           
CPSEETF,BL,INF457M01133,CPSE ETF,EF                                                                                                                   
JUNIORBEES,EQ,INF732E01045,NIP IND ETF JUNIOR BEES,EF                                                                                                 
KOTAKPSUBK,EQ,INF373I01023,KOTAK PSU BANK,EF                                                                                                          
EC1DD,MF,INF903JA1CK8,SUNDARMAMC - EC1DD,EF                                                                                                           
HDFC,W3,INE001A13049,HOUSING DVPT FIN CORP LTD,RE                                                                                                     
IBMFNIFTY,BL,INF666M01FS5,IBULLSAMC - IBMFNIFTY,EF                                                                                                    
HDFCNIF100,BL,INF179KC1DB7,HDFCAMC - HDFCNIF100,EF                                                                                                    
ICICIBANKP,EQ,INF109KC1E35,ICICIPRAMC - ICICIBANKP,EF                                                                                                 
SUVEN-RE,BL,INE495B20012,SUVEN LIFE SCIENCES LTD,RE                                                                                                   
EC7DG,MF,INF903JA1FH7,SUNDARMAMC - EC7DG,EF                                                                                                           
EC7RD,MF,INF903JA1FG9,SUNDARMAMC - EC7RD,EF                                                                                                           
UTIBANKETF,BL,INF789F1AUV1,UTIAMC - UTIBANKETF,EF                                                                                                     
MAM150ETF,BL,INF769K01IC9,MIRAEAMC - MAM150ETF,EF                                                                                                     
MC1RD,MF,INF903JA1DS9,SUNDARMAMC - MC1RD,EF                                                                                                           
M&MFIN-RE,BL,INE774D20016,MAHINDRA & MAHINDRA RE,RE                                                                                                   
M15RG,MF,INF903JA1AL0,SUNDARMAMC - M15RG,EF                                                                                                           
MOM100,EQ,INF247L01023,MOTILAL OS MIDCAP100 ETF,EF                                                                                                    
HDFCMID150,EQ,INF179KC1FA4,HDFCAMC - HDFCMID150,EF                                                                                                    
HDFCMID150,BL,INF179KC1FA4,HDFCAMC - HDFCMID150,EF                                                                                                    
HDFCSML250,EQ,INF179KC1FB2,HDFCAMC - HDFCSML250,EF                                                                                                    
BSLSENETFG,EQ,INF209KB10E8,BIRLASLAMC - BSLSENETFG,EF                                                                                                 
MOMENTUM,EQ,INF209KB14K7,BIRLASLAMC - MOMENTUM,EF                                                                                                     
GDL-RE,BE,INE852F20015,GATEWAY DISTRIPARKS RE,RE                                                                                                      
542841,MF,INF204KB14G6,Nippon India Mutual Fund,EF                                                                                                    
542818,MF,INF204KB18F9,Nippon India Mutual Fund,EF                                                                                                    
542819,MF,INF204KB19F7,Nippon India Mutual Fund,EF                                                                                                    
TFL-RE,BE,INE804H20012,TRANSWARRANTY FINANCE LTD,RE                                                                                                   
TFL-RE,BL,INE804H20012,TRANSWARRANTY FINANCE LTD,RE                                                                                                   
ROML-RE,BE,INE294G20018,RAJ OIL MILLS LIMITED,RE                                                                                                      
TNIDETF,BL,INF277KA1364,TATAAML - TNIDETF,EF                                                                                                          
MAFANG,BL,INF769K01HF4,MIRAEAMC - MAFANG,EF                                                                                                           
PHARMABEES,EQ,INF204KC1089,NIPPONAMC - NETFPHARMA,EF                                                                                                  
AUTOBEES,EQ,INF204KC1337,NIPPONAMC - NETFAUTO,EF                                                                                                      
MOMENTUM,BL,INF209KB14K7,BIRLASLAMC - MOMENTUM,EF                                                                                                     
538683,EQ,INF204KA1UN7,NIPPON INDIA ETF SENSEX,EF                                                                                                     
541972,BL,INF200KA1VQ2,SBI Mutual Fund,EF                                                                                                             
MAMFGETF,BL,INF769K01IB1,MIRAEAMC - MAMFGETF,EF                                                                                                       
AKG-RE,BL,INE00Y820016,AKG EXIM LIMITED,RE                                                                                                            
DSPBANKETF,EQ,INF740KA1RX3,DSPAMC - DSPBANKETF,EF                                                                                                     
JETFRE-RE,BE,INE982V20017,JET FREIGHT LOGISTICS LTD,RE                                                                                                
PSUBANKICI,EQ,INF109KC10S8,ICICIPRAMC - PSUBANKICI,EF                                                                                                 
BRIGHT-RE,ST,INE684Z20010,BRIGHT SOLAR LIMITED,RE                                                                                                     
M17DG,MF,INF903JA1BH6,SUNDARMAMC - M17DG,EF                                                                                                           
M17RD,MF,INF903JA1BG8,SUNDARMAMC - M17RD,EF                                                                                                           
EC4RD,MF,INF903JA1DO8,SUNDARMAMC - EC4RD,EF                                                                                                           
538594,MF,INF204KA1RV6,RELIANCE MUTUAL FUND- RELIANCE,EF                                                                                              
538630,MF,INF204KA1SW2,RELIANCE MUTUAL FUND - RELIANC,EF                                                                                              
538631,MF,INF204KA1SV4,RELIANCE MUTUAL FUND- RELIANCE,EF                                                                                              
ICICIAUTO,EQ,INF109KC1Y49,ICICIPRAMC - ICICIAUTO,EF                                                                                                   
ICICIAUTO,BL,INF109KC1Y49,ICICIPRAMC - ICICIAUTO,EF                                                                                                   
543186,MF,INF204KB13U9,Nippon India Mutual Fund,EF                                                                                                    
HDFCSENSEX,BL,INF179KC1973,HDFCAMC - HDFCSENSEX,EF                                                                                                    
NPBET,EQ,INF277K010X4,TATAAML - NPBET,EF                                                                                                              
GISO-RE,BE,INE065J20016,GI ENGINEERING SOLUTIONS,RE                                                                                                   
M16RD,MF,INF903JA1BC7,SUNDARMAMC - M16RD,EF                                                                                                           
ICICINF100,EQ,INF109KA1962,ICICI PRUD NIFTY 100 ETF,EF                                                                                                
ICICINF100,BL,INF109KA1962,ICICI PRUD NIFTY 100 ETF,EF                                                                                                
EC6DD,MF,INF903JA1EW9,SUNDARMAMC - EC6DD,EF                                                                                                           
EC6DG,MF,INF903JA1EV1,SUNDARMAMC - EC6DG,EF                                                                                                           
UTISXN50,EQ,INF789F1AUU3,UTIAMC - UTISXN50,EF                                                                                                         
BCIL-RE,BE,INE414D20019,BHAGIRADHA CHEM & IND LTD,RE                                                                                                  
SM547,MF,INF903J01M85,SUNDARMAMC - SM547,EF                                                                                                           
UTISENSETF,BL,INF789FB1X58,UTIAMC - UTISENSETF,EF                                                                                                     
LICNFNHGP,BL,INF767K01PC8,LICNAMC - LICNFNHGP,EF                                                                                                      
VF1RG,MF,INF903J01Z80,SUNDARMAMC - VF1RG,EF                                                                                                           
LICNETFN50,EQ,INF767K01OS7,LICNAMC - LICNFENGP,EF                                                                                                     
UTIFEFDDP2,MF,INF789FA16T6,UTIAMC - UTIFEFDDP2,EF                                                                                                     
T4DD,MF,INF903J019A8,SUNDARMAMC - T4DD,EF                                                                                                             
ABSLBANETF,EQ,INF209KB17D5,BIRLASLAMC - ABSLBANETF,EF                                                                                                 
HDFCNEXT50,EQ,INF179KC1DA9,HDFCAMC - HDFCNEXT50,EF                                                                                                    
HDFCNEXT50,BL,INF179KC1DA9,HDFCAMC - HDFCNEXT50,EF                                                                                                    
AXISBNKETF,EQ,INF846K01X63,AXISAMC - AXISBNKETF,EF                                                                                                    
GOKUL-RE,BL,INE314T20017,GOKUL AGRO RESOURCES LTD,RE                                                                                                  
NETF,BL,INF277K015R5,TATAAML - NETF,EF                                                                                                                
GAL-RE,BL,INE482J20013,GYSCOAL ALLOYS LTD,RE                                                                                                          
SHRERA-RE,BE,INE879A20019,SHREE RAMA MULTI-TECH LTD,RE                                                                                                
INDO-RE,BL,INE227G20018,INDOWIND ENERGY LIMITED,RE                                                                                                    
SBIETFPB,BL,INF200KA1S22,SBIAMC - SBIETFPB,EF                                                                                                         
ARVINDF-RE,BL,INE955V20013,ARVIND FASHIONS RE,RE                                                                                                      
ICICIM150,BL,INF109KC1G82,ICICIPRAMC - ICICIM150,EF                                                                                                   
HDFCLOWVOL,BL,INF179KC1DN2,HDFCAMC - HDFCLOWVOL,EF                                                                                                    
DSPNEWETF,EQ,INF740KA1QK2,DSPAMC - DSPNEWETF,EF                                                                                                       
HERIT-RE,BL,INE978A20019,HERITAGE FOODS LTD,RE                                                                                                        
AXISHCETF,EQ,INF846K01Z12,AXISAMC - AXISHCETF,EF                                                                                                      
EC5RG,MF,INF903JA1EL2,SUNDARMAMC - EC5RG,EF                                                                                                           
TEMBO-RE,BE,INE869Y20010,TEMBO GLOBAL IND LTD,RE                                                                                                      
TEMBO-RE,BL,INE869Y20010,TEMBO GLOBAL IND LTD,RE                                                                                                      
NECLTD-RE,BL,INE553C20016,NORTH EAST CARRY CORP LTD,RE                                                                                                
HILTON-RE,BL,INE788H20017,HILTON METAL FORGING LIMI,RE                                                                                                
MOQUALITY,EQ,INF247L01BH8,MOTILALAMC - MOQUALITY,EF                                                                                                   
AXISNIFTY,EQ,INF846K01W98,AXISAMC - AXISNIFTY,EF                                                                                                      
KOTAKCONS,EQ,INF174KA1JE5,KOTAKMAMC - KOTAKCONS,EF                                                                                                    
542840,MF,INF204KB12E5,Nippon India Mutual Fund,EF                                                                                                    
542804,MF,INF204KB12F2,Nippon India Mutual Fund,EF                                                                                                    
542844,MF,INF204KB16G1,Nippon India Mutual Fund,EF                                                                                                    
542846,MF,INF204KB18G7,Nippon India Mutual Fund,EF                                                                                                    
AXISCETF,EQ,INF846K016C7,AXISAMC - AXISCETF,EF                                                                                                        
TECH,BL,INF209KB11D8,BIRLASLAMC - TECH,EF                                                                                                             
ROML-RE,BL,INE294G20018,RAJ OIL MILLS LIMITED,RE                                                                                                      
TNIDETF,EQ,INF277KA1364,TATAAML - TNIDETF,EF                                                                                                          
ASIAN-RE1,BE,INE022I20027,ASIAN GRANITO INDIA LIMIT,RE                                                                                                
ITBEES,BL,INF204KB15V2,NIP IND ETF IT,EF                                                                                                              
NV20BEES,EQ,INF204KB18I3,NIP IND ETF ETF NV20,EF                                                                                                      
AXISTECETF,EQ,INF846K01Y96,AXISAMC - AXISTECETF,EF                                                                                                    
AXISTECETF,BL,INF846K01Y96,AXISAMC - AXISTECETF,EF                                                                                                    
532985,EQ,INF174KA1JD7,KOTAK MAHINDRA MUTUAL FUND,EF                                                                                                  
542747,BL,INF204KB15D0,NIPPON INDIA ETF SENSEX NEXT 5,EF                                                                                              
COAST-RE,BE,INE377E20016,COASTAL CORP LIMITED-RE,RE                                                                                                   
HDFCGROWTH,EQ,INF179KC1DJ0,HDFCAMC - HDFCGROWTH,EF                                                                                                    
SUZLON-RE,BE,INE040H20013,SUZLON ENERGY LTD,RE                                                                                                        
HDFCNIFIT,BL,INF179KC1DX1,HDFCAMC - HDFCNIFIT,EF                                                                                                      
AKG-RE,BE,INE00Y820016,AKG EXIM LIMITED,RE                                                                                                            
EC1RD,MF,INF903JA1CI2,SUNDARMAMC - EC1RD,EF                                                                                                           
DSPBANKETF,BL,INF740KA1RX3,DSPAMC - DSPBANKETF,EF                                                                                                     
PATEL-RE,BE,INE244B20014,PATEL ENGINEERING LIMITED,RE                                                                                                 
CGCL-RE,BE,INE180C20018,CAPRI GLOBAL CAP LTD,RE                                                                                                       
PRAXIS-RE1,BE,INE546Y20022,PRAXIS HOME RETAIL LTD,RE                                                                                                  
PRAXIS-RE1,BL,INE546Y20022,PRAXIS HOME RETAIL LTD,RE                                                                                                  
538633,MF,INF204KA1ST8,RELIANCE MUTUAL FUND- RELIANCE,EF                                                                                              
ICICICONSU,BL,INF109KC1V42,ICICIPRAMC - ICICICONSU,EF                                                                                                 
540981,MF,INF174KA1GD3,Kotak Mahindra Mutual Fund,EF                                                                                                  
543181,MF,INF204KB13T1,Nippon India Mutual Fund,EF                                                                                                    
543173,MF,INF204KB14U7,Nippon India Mutual Fund,EF                                                                                                    
543176,MF,INF204KB16U2,Nippon India Mutual Fund,EF                                                                                                    
PVR-RE,BL,INE191H20014,PVR LIMITED RE,RE                                                                                                              
MOLDTKPAC,W1,INE893J13016,MOLD TEK PACKAGING LTD,RE                                                                                                   
DSPN50ETF,EQ,INF740KA1CL0,DSPAMC - DSPN50ETF,EF                                                                                                       
DSPQ50ETF,EQ,INF740KA1QL0,DSPAMC - DSPQ50ETF,EF                                                                                                       
KOTAKIT,EQ,INF174KA1GC5,KOTAKMAMC - KOTAKIT,EF                                                                                                        
HDFCNIFBAN,BL,INF179KC1AN8,HDFCAMC - HDFCNIFBAN,EF                                                                                                    
ESSEN-RE1,BE,INE418N20027,INTEGRA ESSENTIA LIMITED,RE                                                                                                 
ICICINIFTY,BL,INF109K012R6,ICICI PRUD NIFTY ETF,EF                                                                                                    
ICICINV20,EQ,INF109KB1WY5,ICICI PRUDENTIAL NV20 ETF,EF                                                                                                
AURUM-RE,BL,INE898S20011,AURUM PROPTECH LIMITED,RE                                                                                                    
UTINIFTETF,BL,INF789FB1X41,UTIAMC - UTINIFTETF,EF                                                                                                     
SMF542,MF,INF903J01M36,SUNDARMAMC - SMF542,EF                                                                                                         
SMF543,MF,INF903J01M44,SUNDARMAMC - SMF543,EF                                                                                                         
SMF544,MF,INF903J01M51,SUNDARMAMC - SMF544,EF                                                                                                         
T4RD,MF,INF903J017A2,SUNDARMAMC - T4RD,EF                                                                                                             
SC2RD,MF,INF903J01X74,SUNDARMAMC - SC2RD,EF                                                                                                           
BANKBEES,EQ,INF204KB15I9,NIP IND ETF BANK BEES,EF                                                                                                     
NIFTYBEES,EQ,INF204KB14I2,NIP IND ETF NIFTY BEES,EF                                                                                                   
T5RG,MF,INF903J018C6,SUNDARMAMC - T5RG,EF                                                                                                             
MAN50ETF,BL,INF769K01EG9,MIRAEAMC - MAN50ETF,EF                                                                                                       
RUSHI-RE1,BE,INE573K20025,RUSHIL DECOR LIMITED,RE                                                                                                     
AXISBNKETF,BL,INF846K01X63,AXISAMC - AXISBNKETF,EF                                                                                                    
EC7DD,MF,INF903JA1FI5,SUNDARMAMC - EC7DD,EF                                                                                                           
EC7RG,MF,INF903JA1FF1,SUNDARMAMC - EC7RG,EF                                                                                                           
543180,MF,INF204KB17T2,Nippon India Mutual Fund,EF                                                                                                    
AXSENSEX,BL,INF846K010Q0,AXISAMC - AXSENSEX,EF                                                                                                        
SBIETFIT,EQ,INF200KA1S14,SBIAMC - SBIETFIT,EF                                                                                                         
UTINEXT50,EQ,INF789F1AUW9,UTIAMC - UTINEXT50,EF                                                                                                       
EC2RD,MF,INF903JA1CQ5,SUNDARMAMC - EC2RD,EF                                                                                                           
HDFCNIFIT,EQ,INF179KC1DX1,HDFCAMC - HDFCNIFIT,EF                                                                                                      
GODHA-RE,BE,INE925Y20010,GODHA CABCON INSULAT LTD,RE                                                                                                  
750797,BE,INE311M20018,SHRADDHA PRIME PROJECTS LTD,RE                                                                                                 
EC5DD,MF,INF903JA1EO6,SUNDARMAMC - EC5DD,EF                                                                                                           
HILTON-RE,BE,INE788H20017,HILTON METAL FORGING LIMI,RE                                                                                                
MAFSETF,EQ,INF769K01HI8,MIRAEAMC - MAFSETF,EF                                                                                                         
542807,MF,INF204KB10F6,Nippon India Mutual Fund,EF                                                                                                    
542849,MF,INF204KB15F5,Nippon India Mutual Fund,EF                                                                                                    
542816,MF,INF204KB15G3,Nippon India Mutual Fund,EF                                                                                                    
542838,MF,INF204KB16E6,Nippon India Mutual Fund,EF                                                                                                    
542847,MF,INF204KB19E0,Nippon India Mutual Fund,EF                                                                                                    
MAFANG,EQ,INF769K01HF4,MIRAEAMC - MAFANG,EF                                                                                                           
PHARMABEES,BL,INF204KC1089,NIPPONAMC - NETFPHARMA,EF                                                                                                  
AUTOBEES,BL,INF204KC1337,NIPPONAMC - NETFAUTO,EF                                                                                                      
DIVOPPBEES,EQ,INF204KA1MS3,NIP IND ETF DIV OPP,EF                                                                                                     
ICICIMOM30,EQ,INF109KC17C7,ICICIPRAMC - ICICIMOM30,EF                                                                                                 
NIFTYQLITY,EQ,INF209KB15K4,BIRLASLAMC - NIFTYQLITY,EF                                                                                                 
532985,BL,INF174KA1JD7,KOTAK MAHINDRA MUTUAL FUND,EF                                                                                                  
541972,EQ,INF200KA1VQ2,SBI Mutual Fund,EF                                                                                                             
ICICICOMMO,EQ,INF109KC19O8,ICICIPRAMC - ICICICOMMO,EF                                                                                                 
MANV30F,EQ,INF769K01JU9,MIRAEAMC - MANV30F,EF                                                                                                         
SHAREINDIA,W1,INE932X13013,SHARE IND. SECURITIES LTD,RE                                                                                               
ABFRL,W1,INE647O13016,ADITYA BIRLA FAS & RT LTD,RE                                                                                                    
EC4DG,MF,INF903JA1DP5,SUNDARMAMC - EC4DG,EF                                                                                                           
538591,MF,INF204KA1RY0,RELIANCE MUTUAL FUND - RELIANC,EF                                                                                              
543179,MF,INF204KB16T4,Nippon India Mutual Fund,EF                                                                                                    
HDFCNIFTY,BL,INF179KC1965,HDFCAMC - HDFCNIFTY,EF                                                                                                      
HDFCNIFBAN,EQ,INF179KC1AN8,HDFCAMC - HDFCNIFBAN,EF                                                                                                    
AARTI-RE,BE,INE09EO20013,AARTI SURFACTANTS LIMITED,RE                                                                                                 
M16RG,MF,INF903JA1BB9,SUNDARMAMC - M16RG,EF                                                                                                           
ICICISENSX,BL,INF346A01034,ICICI PRUD SENSEX ETF,EF                                                                                                   
ICICIBANKN,EQ,INF109KC15I8,ICICIPRAMC - IPRU5008,EF                                                                                                   
BCIL-RE,BL,INE414D20019,BHAGIRADHA CHEM & IND LTD,RE                                                                                                  
SPENCER-RE,BE,INE020820010,SPENCERS RETAIL RE,RE                                                                                                      
SM546,MF,INF903J01M77,SUNDARMAMC - SM546,EF                                                                                                           
ISMCSRIIRG,MF,INF903J01YY7,SUNDARMAMC - ISMCSRIIRG,EF                                                                                                 
SMCSRIIRD,MF,INF903J01YZ4,SUNDARMAMC - SMCSRIIRD,EF                                                                                                   
LICNFNHGP,EQ,INF767K01PC8,LICNAMC - LICNFNHGP,EF                                                                                                      
SETFNIFBK,EQ,INF200KA1580,SBI-ETF NIFTY BANK,EF                                                                                                       
EBANK,EQ,INF754K01EL1,EDELWEISS ETF-NIFTY BANK,EF                                                                                                     
KOTAKNV20,BL,INF174K01Z71,KOTAKMAMC - KTKNV20ETF,EF                                                                                                   
LICNETFSEN,EQ,INF767K01OT5,LICNAMC - LICNFESGP,EF                                                                                                     
LICNETFN50,BL,INF767K01OS7,LICNAMC - LICNFENGP,EF                                                                                                     
KOTAKNIFTY,EQ,INF174K014P6,KOTAK NIFTY ETF,EF                                                                                                         
INFRABEES,EQ,INF732E01268,NIP IND ETF INFRA BEES,EF                                                                                                   
EC3RG,MF,INF903JA1DB5,SUNDARMAMC - EC3RG,EF                                                                                                           
ABSLNN50ET,EQ,INF209KB16D7,BIRLASLAMC - ABSLNN50ET,EF                                                                                                 
RUSHI-RE1,BL,INE573K20025,RUSHIL DECOR LIMITED,RE                                                                                                     
MAM150ETF,EQ,INF769K01IC9,MIRAEAMC - MAM150ETF,EF                                                                                                     
ESSEN-RE,BL,INE418N20019,INTEGRA ESSENTIA LIMITED,RE                                                                                                  
UTIBANKETF,EQ,INF789F1AUV1,UTIAMC - UTIBANKETF,EF                                                                                                     
WOCKH-RE,BL,INE049B20017,WOCKHARDT LIMITED,RE                                                                                                         
AXSENSEX,EQ,INF846K010Q0,AXISAMC - AXSENSEX,EF                                                                                                        
SHRERA-RE,BL,INE879A20019,SHREE RAMA MULTI-TECH LTD,RE                                                                                                
INDO-RE,BE,INE227G20018,INDOWIND ENERGY LIMITED,RE                                                                                                    
ICICIB22,EQ,INF109KB15Y7,ICICIPRAMC - BHARATIWIN,EF                                                                                                   
SBIETFPB,EQ,INF200KA1S22,SBIAMC - SBIETFPB,EF                                                                                                         
REFEX-RE,BE,INE056I20017,REFEX INDUSTRIES RE,RE                                                                                                       
REFEX-RE,BL,INE056I20017,REFEX INDUSTRIES RE,RE                                                                                                       
EC2DD,MF,INF903JA1CS1,SUNDARMAMC - EC2DD,EF                                                                                                           
EC2DG,MF,INF903JA1CR3,SUNDARMAMC - EC2DG,EF                                                                                                           
HERIT-RE,BE,INE978A20019,HERITAGE FOODS LTD,RE                                                                                                        
KOTAKMID50,EQ,INF174KA1IB3,KOTAKMAMC - KOTAKMID50,EF                                                                                                  
BSLSENETFG,BL,INF209KB10E8,BIRLASLAMC - BSLSENETFG,EF                                                                                                 
APCL-RE,BL,INE071F20012,ANJANI PORTLAND CEM LTD,RE                                                                                                    
750798,BE,INE875N20010,BANDARAM PHARMA PACKTECH LIMIT,RE                                                                                              
ICICIFMCG,BL,INF109KC1R48,ICICIPRAMC - ICICIFMCG,EF                                                                                                   
MOHEALTH,BL,INF247L01BB1,MOTILALAMC - MOHEALTH,EF                                                                                                     
542815,MF,INF204KB12G0,Nippon India Mutual Fund,EF                                                                                                    
542805,MF,INF204KB13E3,Nippon India Mutual Fund,EF                                                                                                    
542839,MF,INF204KB13G8,Nippon India Mutual Fund,EF                                                                                                    
542811,MF,INF204KB17E4,Nippon India Mutual Fund,EF                                                                                                    
TECH,EQ,INF209KB11D8,BIRLASLAMC - TECH,EF                                                                                                             
HDFCMOMENT,BL,INF179KC1DM4,HDFCAMC - HDFCMOMENT,EF                                                                                                    
KOTAKMNC,BL,INF174KA1JF2,KOTAKMAMC - KOTAKMNC,EF                                                                                                      
538683,BL,INF204KA1UN7,NIPPON INDIA ETF SENSEX,EF                                                                                                     
539031,EQ,INF200KA1572,SBI Mutual Fund,EF                                                                                                             
HDFCQUAL,BL,INF179KC1DL6,HDFCAMC - HDFCQUAL,EF                                                                                                        
HDFCVALUE,BL,INF179KC1DK8,HDFCAMC - HDFCVALUE,EF                                                                                                      
ICICIFIN,BL,INF109KC17L8,ICICIPRAMC-ICICIFIN,EF                                                                                                       
RSWM-RE,BE,INE611A20016,RSWM LIMITED,RE                                                                                                               
KOTAKLOVOL,BL,INF174KA1IY5,KOTAKMAMC - KOTAKLOVOL,EF                                                                                                  
EC1DG,MF,INF903JA1CJ0,SUNDARMAMC - EC1DG,EF                                                                                                           
EC1RG,MF,INF903JA1CH4,SUNDARMAMC - EC1RG,EF                                                                                                           
ICICIINFRA,EQ,INF109KC16E5,ICICIPRAMC - ICICIINFRA,EF                                                                                                 
540984,MF,INF174KA1GF8,Kotak Mahindra Mutual Fund,EF                                                                                                  
543177,MF,INF204KB11U3,Nippon India Mutual Fund,EF                                                                                                    
543178,MF,INF204KB12U1,Nippon India Mutual Fund,EF                                                                                                    
PVR-RE,BE,INE191H20014,PVR LIMITED RE,RE                                                                                                              
HDFCNIFTY,EQ,INF179KC1965,HDFCAMC - HDFCNIFTY,EF                                                                                                      
ESSEN-RE1,BL,INE418N20027,INTEGRA ESSENTIA LIMITED,RE                                                                                                 
M16DG,MF,INF903JA1BD5,SUNDARMAMC - M16DG,EF                                                                                                           
ICICISENSX,EQ,INF346A01034,ICICI PRUD SENSEX ETF,EF                                                                                                   
ICICIALPLV,EQ,INF109KC1N59,ICICIPRAMC - ICICIALPLV,EF                                                                                                 
SETFNIF50,BL,INF200KA1FS1,SBI-ETF NIFTY 50,EF                                                                                                         
SETFNIF50,EQ,INF200KA1FS1,SBI-ETF NIFTY 50,EF                                                                                                         
SETFNN50,EQ,INF200KA1598,SBI-ETF NIFTY NEXT 50,EF                                                                                                     
SETFNN50,BL,INF200KA1598,SBI-ETF NIFTY NEXT 50,EF                                                                                                     
EBANK,BL,INF754K01EL1,EDELWEISS ETF-NIFTY BANK,EF                                                                                                     
KOTAKBKETF,EQ,INF174K01F59,KOTAKMAMC-KOTAKBKETF,EF                                                                                                    
VF1RD,MF,INF903J01Z98,SUNDARMAMC - VF1RD,EF                                                                                                           
IVZINNIFTY,EQ,INF205K01DA9,INVESCO INDIA NIFTY ETF,EF                                                                                                 
UTIFEFDGR2,MF,INF789FA17T4,UTIAMC - UTIFEFDGR2,EF                                                                                                     
UTIFEFRGR2,MF,INF789FA15T8,UTIAMC - UTIFEFRGR2,EF                                                                                                     
T4RG,MF,INF903J016A4,SUNDARMAMC - T4RG,EF                                                                                                             
SC2DG,MF,INF903J01X82,SUNDARMAMC - SC2DG,EF                                                                                                           
QNIFTY,EQ,INF082J01028,QUANTUM NIFTY 50 ETF,EF                                                                                                        
EC3DG,MF,INF903JA1DD1,SUNDARMAMC - EC3DG,EF                                                                                                           
AJOONI-RE,BE,INE820Y20013,AJOONI BIOTECH LIMITED,RE                                                                                                   
MITTAL-RE,BL,INE997Y20019,MITTAL LIFE STYLE LIMITED,RE                                                                                                
GOKUL-RE,BE,INE314T20017,GOKUL AGRO RESOURCES LTD,RE                                                                                                  
NETF,EQ,INF277K015R5,TATAAML - NETF,EF                                                                                                                
IDFNIFTYET,BL,INF194KA1U07,IDFCAMC - IDFNIFTYET,EF                                                                                                    
EC6RG,MF,INF903JA1ET5,SUNDARMAMC - EC6RG,EF                                                                                                           
MC2RD,MF,INF903JA1EE7,SUNDARMAMC - MC2RD,EF                                                                                                           
ICICINIFTY,EQ,INF109K012R6,ICICI PRUD NIFTY ETF,EF                                                                                                    
M15DD,MF,INF903JA1AO4,SUNDARMAMC - M15DD,EF                                                                                                           
ARVINDF-RE,BE,INE955V20013,ARVIND FASHIONS RE,RE                                                                                                      
ICICIPHARM,BL,INF109KC1Q72,ICICIPRAMC - ICICIPHARM,EF                                                                                                 
GUJNRECOKE,W1,INE110D13018,GUJ NRE COKE WARRANTS,RE                                                                                                   
HATSUN-RE,BL,INE473B20019,HATSUN AGRO PROD LTD-RE,RE                                                                                                  
GODHA-RE,BL,INE925Y20010,GODHA CABCON INSULAT LTD,RE                                                                                                  
HEALTHY,BL,INF209KB10C2,BIRLASLAMC - HEALTHY,EF                                                                                                       
KOTAKMID50,BL,INF174KA1IB3,KOTAKMAMC - KOTAKMID50,EF                                                                                                  
MASPTOP50,BL,INF769K01HP3,MIRAEAMC - MASPTOP50,EF                                                                                                     
SDBL-RE1,BE,INE480C20020,SOM DIST & BREW LTD,RE                                                                                                       
RIL-RE,BL,INE002A20018,RELIANCE INDUSTRIES RE,RE                                                                                                      
ABFRL-RE,BE,INE647O20011,ADITYA BIRLA FASHION RE,RE                                                                                                   
SBIETFCON,BL,INF200KA1X17,SBIAMC - SBIETFCON,EF                                                                                                       
MOHEALTH,EQ,INF247L01BB1,MOTILALAMC - MOHEALTH,EF                                                                                                     
KOTAKCONS,BL,INF174KA1JE5,KOTAKMAMC - KOTAKCONS,EF                                                                                                    
542806,MF,INF204KB10E9,Nippon India Mutual Fund,EF                                                                                                    
542837,MF,INF204KB11E7,Nippon India Mutual Fund,EF                                                                                                    
542843,MF,INF204KB16F3,Nippon India Mutual Fund,EF                                                                                                    
LIBAS-RE,BL,INE908V20012,LIBAS CON PRODUCT LTD,RE                                                                                                     
DIL-RE,BL,INE411Y20011,DEBOCK INDUSTRIES LIMITED,RE                                                                                                   
MASPTOP50,EQ,INF769K01HP3,MIRAEAMC - MASPTOP50,EF                                                                                                     
KOTAKALPHA,EQ,INF174KA1IA5,KOTAKMAMC - KOTAKALPHA,EF                                                                                                  
ITBEES,EQ,INF204KB15V2,NIP IND ETF IT,EF                                                                                                              
CONSUMBEES,EQ,INF204KA1LD7,NIP IND ETF CONSUMPTION,EF                                                                                                 
ICICIMOM30,BL,INF109KC17C7,ICICIPRAMC - ICICIMOM30,EF                                                                                                 
MOVALUE,EQ,INF247L01BE5,MOTILALAMC - MOVALUE,EF                                                                                                       
535276,EQ,INF200K01VT2,SBI MUTUAL FUND - SBI ETF SENS,EF                                                                                              
MAMFGETF,EQ,INF769K01IB1,MIRAEAMC - MAMFGETF,EF                                                                                                       
DYNPRO-RE,BL,INE256H20015,DYNEMIC PRODUCTS LIMITED,RE                                                                                                 
HDFCGROWTH,BL,INF179KC1DJ0,HDFCAMC - HDFCGROWTH,EF                                                                                                    
SUZLON-RE,BL,INE040H20013,SUZLON ENERGY LTD,RE                                                                                                        
ICICIFIN,EQ,INF109KC17L8,ICICIPRAMC-ICICIFIN,EF                                                                                                       
JETFRE-RE,BL,INE982V20017,JET FREIGHT LOGISTICS LTD,RE                                                                                                
SHARE-RE,BE,INE932X20018,SHARE IND SEC LTD,RE                                                                                                         
543174,MF,INF204KB10U5,Nippon India Mutual Fund,EF                                                                                                    
543184,MF,INF204KB14T9,Nippon India Mutual Fund,EF                                                                                                    
DSPN50ETF,BL,INF740KA1CL0,DSPAMC - DSPN50ETF,EF                                                                                                       
DSPQ50ETF,BL,INF740KA1QL0,DSPAMC - DSPQ50ETF,EF                                                                                                       
ICICINXT50,BL,INF109KC1NS5,ICICIPRAMC - ICICINXT50,EF                                                                                                 
M16DD,MF,INF903JA1BE3,SUNDARMAMC - M16DD,EF                                                                                                           
ICICIMCAP,EQ,INF109KB1XT3,ICICI PRUD MIDCAP SEL ETF,EF                                                                                                
ICICIMCAP,BL,INF109KB1XT3,ICICI PRUD MIDCAP SEL ETF,EF                                                                                                
ICICINV20,BL,INF109KB1WY5,ICICI PRUDENTIAL NV20 ETF,EF                                                                                                
ICICIALPLV,BL,INF109KC1N59,ICICIPRAMC - ICICIALPLV,EF                                                                                                 
ABSLNN50ET,BL,INF209KB16D7,BIRLASLAMC - ABSLNN50ET,EF                                                                                                 
SMCSRIIDD,MF,INF903J01ZB2,SUNDARMAMC - SMCSRIIDD,EF                                                                                                   
LICNETFSEN,BL,INF767K01OT5,LICNAMC - LICNFESGP,EF                                                                                                     
T4DG,MF,INF903J018A0,SUNDARMAMC - T4DG,EF                                                                                                             
SC2DD,MF,INF903J01X90,SUNDARMAMC - SC2DD,EF                                                                                                           
SHARIABEES,EQ,INF732E01128,NIP IND ETF SHARIAH BEES,EF                                                                                                
BSLNIFTY,EQ,INF209KB19D1,ADITYBIRLA SL NIF ETF-GR,EF                                                                                                  
T5DG,MF,INF903J010D1,SUNDARMAMC - T5DG,EF                                                                                                             
MOLOWVOL,EQ,INF247L01BL0,MOTILALAMC - MOLOWVOL,EF                                                                                                     
SBIETFIT,BL,INF200KA1S14,SBIAMC - SBIETFIT,EF                                                                                                         
MC2DD,MF,INF903JA1EG2,SUNDARMAMC - MC2DD,EF                                                                                                           
MC2DG,MF,INF903JA1EF4,SUNDARMAMC - MC2DG,EF                                                                                                           
NGIL-RE,BL,INE236Y20012,NAKODA GRP OF IND LTD,RE                                                                                                      
M15DG,MF,INF903JA1AN6,SUNDARMAMC - M15DG,EF                                                                                                           
IBMFNIFTY,EQ,INF666M01FS5,IBULLSAMC - IBMFNIFTY,EF                                                                                                    
DSPNEWETF,BL,INF740KA1QK2,DSPAMC - DSPNEWETF,EF                                                                                                       
HDFCSML250,BL,INF179KC1FB2,HDFCAMC - HDFCSML250,EF                                                                                                    
EC5DG,MF,INF903JA1EN8,SUNDARMAMC - EC5DG,EF                                                                                                           
EC5RD,MF,INF903JA1EM0,SUNDARMAMC - EC5RD,EF                                                                                                           
ICICITECH,BL,INF109KC16I6,ICICIPRAMC - ICICITECH,EF                                                                                                   
NECLTD-RE,BE,INE553C20016,NORTH EAST CARRY CORP LTD,RE                                                                                                
ICICIFMCG,EQ,INF109KC1R48,ICICIPRAMC - ICICIFMCG,EF                                                                                                   
ABFRL-RE,BL,INE647O20011,ADITYA BIRLA FASHION RE,RE                                                                                                   
542813,MF,INF204KB10G4,Nippon India Mutual Fund,EF                                                                                                    
542817,MF,INF204KB17F1,Nippon India Mutual Fund,EF                                                                                                    
AXISCETF,BL,INF846K016C7,AXISAMC - AXISCETF,EF                                                                                                        
KOTAKALPHA,BL,INF174KA1IA5,KOTAKMAMC - KOTAKALPHA,EF                                                                                                  
KOTAKMNC,EQ,INF174KA1JF2,KOTAKMAMC - KOTAKMNC,EF                                                                                                      
DYNPRO-RE,BE,INE256H20015,DYNEMIC PRODUCTS LIMITED,RE                                                                                                 
HDFCPVTBAN,EQ,INF179KC1DW3,HDFCAMC - HDFCPVTBAN,EF                                                                                                    
MAESGETF,BL,INF769K01GS9,MIRAEAMC - MAESGETF,EF                                                                                                       
BTML-RE,ST,INE0EEJ20015,BODHI TREE MULTIMEDIA LTD,RE                                                                                                  
KHFM-RE,ST,INE00UG20014,KHFM HOS FAC MANA SER LTD,RE                                                                                                  
SEPC-RE,BE,INE964H20014,SEPC LIMITED,RE                                                                                                               
ICICIINFRA,BL,INF109KC16E5,ICICIPRAMC - ICICIINFRA,EF                                                                                                 
538592,MF,INF204KA1RX2,RELIANCE MUTUAL FUND- RELIANCE,EF                                                                                              
538632,MF,INF204KA1SU6,RELIANCE MUTUAL FUND- RELIANCE,EF                                                                                              
ICICICONSU,EQ,INF109KC1V42,ICICIPRAMC - ICICICONSU,EF                                                                                                 
ICICIBANKP,BL,INF109KC1E35,ICICIPRAMC - ICICIBANKP,EF                                                                                                 
540982,MF,INF174KA1GE1,Kotak Mahindra Mutual Fund,EF                                                                                                  
543185,MF,INF204KB15T6,Nippon India Mutual Fund,EF                                                                                                    
543175,MF,INF204KB15U4,Nippon India Mutual Fund,EF                                                                                                    
543182,MF,INF204KB18T0,Nippon India Mutual Fund,EF                                                                                                    
HDFCSENSEX,EQ,INF179KC1973,HDFCAMC - HDFCSENSEX,EF                                                                                                    
ICICINXT50,EQ,INF109KC1NS5,ICICIPRAMC - ICICINXT50,EF                                                                                                 
COMP-RE,BL,INE070C20011,COMPUAGE INFOCOM LTD,RE                                                                                                       
SBIETFQLTY,BL,INF200KA1WX6,SBIAMC - SBIETFQLTY,EF                                                                                                     
EC6RD,MF,INF903JA1EU3,SUNDARMAMC - EC6RD,EF                                                                                                           
UTINIFTETF,EQ,INF789FB1X41,UTIAMC - UTINIFTETF,EF                                                                                                     
UTISENSETF,EQ,INF789FB1X58,UTIAMC - UTISENSETF,EF                                                                                                     
SETFNIFBK,BL,INF200KA1580,SBI-ETF NIFTY BANK,EF                                                                                                       
KOTAKNV20,EQ,INF174K01Z71,KOTAKMAMC - KTKNV20ETF,EF                                                                                                   
UTIFEFRDP2,MF,INF789FA14T1,UTIAMC - UTIFEFRDP2,EF                                                                                                     
SC2RG,MF,INF903J01X66,SUNDARMAMC - SC2RG,EF                                                                                                           
PSUBNKBEES,EQ,INF204KB16I7,NIP IND ETF PSU BANK BEES,EF                                                                                               
T5DD,MF,INF903J011D9,SUNDARMAMC - T5DD,EF                                                                                                             
NPBET,BL,INF277K010X4,TATAAML - NPBET,EF                                                                                                              
SRTRANS-RE,BE,INE721A20013,SHRIRAM TRANSPORT RE,RE                                                                                                    
SUVEN-RE,BE,INE495B20012,SUVEN LIFE SCIENCES LTD,RE                                                                                                   
EC2RG,MF,INF903JA1CP7,SUNDARMAMC - EC2RG,EF                                                                                                           
WOCKH-RE,BE,INE049B20017,WOCKHARDT LIMITED,RE                                                                                                         
MC1DD,MF,INF903JA1DU5,SUNDARMAMC - MC1DD,EF                                                                                                           
MC1DG,MF,INF903JA1DT7,SUNDARMAMC - MC1DG,EF                                                                                                           
NGIL-RE,BE,INE236Y20012,NAKODA GRP OF IND LTD,RE                                                                                                      
ICICIPHARM,EQ,INF109KC1Q72,ICICIPRAMC - ICICIPHARM,EF                                                                                                 
PNB-RE,BL,INE572E20012,PNB HOUSING FIN LTD.,RE                                                                                                        
EC3RD,MF,INF903JA1DC3,SUNDARMAMC - EC3RD,EF                                                                                                           
ICICIM150,EQ,INF109KC1G82,ICICIPRAMC - ICICIM150,EF                                                                                                   
HEALTHY,EQ,INF209KB10C2,BIRLASLAMC - HEALTHY,EF                                                                                                       
AXISHCETF,BL,INF846K01Z12,AXISAMC - AXISHCETF,EF                                                                                                      
MOM50,EQ,INF247L01536,MOTILAL OSWAL M50 ETF,EF                                                                                                        
HDFCBSE500,EQ,INF179KC1EZ4,HDFCAMC - HDFCBSE500,EF                                                                                                    
HDFCBSE500,BL,INF179KC1EZ4,HDFCAMC - HDFCBSE500,EF                                                                                                    
APCL-RE,BE,INE071F20012,ANJANI PORTLAND CEM LTD,RE                                                                                                    
SDBL-RE1,BL,INE480C20020,SOM DIST & BREW LTD,RE                                                                                                       
RIL-RE,BE,INE002A20018,RELIANCE INDUSTRIES RE,RE                                                                                                      
ICICI500,EQ,INF109KC1V59,ICICIPRAMC - ICICI500,EF                                                                                                     
MANXT50,EQ,INF769K01FN2,MIRAEAMC - MANXT50,EF                                                                                                         
M&MFIN-RE,BE,INE774D20016,MAHINDRA & MAHINDRA RE,RE                                                                                                   
MOQUALITY,BL,INF247L01BH8,MOTILALAMC - MOQUALITY,EF                                                                                                   
HDFCMOMENT,EQ,INF179KC1DM4,HDFCAMC - HDFCMOMENT,EF                                                                                                    
MONQ50,EQ,INF247L01AU3,MOTILALAMC - MONQ50,EF                                                                                                         
MONQ50,BL,INF247L01AU3,MOTILALAMC - MONQ50,EF                                                                                                         
MOMOMENTUM,EQ,INF247L01BK2,MOTILALAMC - MOMOMENTUM,EF                                                                                                 
MOMOMENTUM,BL,INF247L01BK2,MOTILALAMC - MOMOMENTUM,EF                                                                                                 
ESSEN-RE,BE,INE418N20019,INTEGRA ESSENTIA LIMITED,RE                                                                                                  
MOVALUE,BL,INF247L01BE5,MOTILALAMC - MOVALUE,EF                                                                                                       
535276,BL,INF200K01VT2,SBI MUTUAL FUND - SBI ETF SENS,EF                                                                                              
540154,EQ,INF194KA1T91,IDFC Mutual Fund,EF                                                                                                            
542747,EQ,INF204KB15D0,NIPPON INDIA ETF SENSEX NEXT 5,EF                                                                                              
HDFCVALUE,EQ,INF179KC1DK8,HDFCAMC - HDFCVALUE,EF                                                                                                      
ICICICOMMO,BL,INF109KC19O8,ICICIPRAMC - ICICICOMMO,EF                                                                                                 
RSWM-RE,BL,INE611A20016,RSWM LIMITED,RE                                                                                                               
MANV30F,BL,INF769K01JU9,MIRAEAMC - MANV30F,EF                                                                                                         
DESTIN-RE,ST,INE0IGO20011,DESTINY LOGISTICS & I LTD,RE                                                                                                
PSUBANKICI,BL,INF109KC10S8,ICICIPRAMC - PSUBANKICI,EF                                                                                                 
M17DD,MF,INF903JA1BI4,SUNDARMAMC - M17DD,EF                                                                                                           
EC4DD,MF,INF903JA1DQ3,SUNDARMAMC - EC4DD,EF                                                                                                           
SHARE-RE,BL,INE932X20018,SHARE IND SEC LTD,RE                                                                                                         
543183,MF,INF204KB19T8,Nippon India Mutual Fund,EF                                                                                                    
AARTI-RE,BL,INE09EO20013,AARTI SURFACTANTS LIMITED,RE                                                                                                 
ICICILOVOL,EQ,INF109KB10T8,ICICI PR NIF LW VL 30 ETF,EF                                                                                               
SBIETFQLTY,EQ,INF200KA1WX6,SBIAMC - SBIETFQLTY,EF                                                                                                     
UTISXN50,BL,INF789F1AUU3,UTIAMC - UTISXN50,EF                                                                                                         
ICICIBANKN,BL,INF109KC15I8,ICICIPRAMC - IPRU5008,EF                                                                                                   
